pop,lifeExp
1704.0,1704.0
29601212.32511736,59.474439366197174
106157896.74682792,12.917107415241192
60011.0,23.599
2793664.0,48.198
7023595.5,60.7125
19585221.75,70.8455
1318683096.0,82.603
